,semana,Máquina,OF,Início,Duração,Quantidade,Descrição Material,consumo blocos,grupo,data fim precedencia,quantidade inicial
0,17,CNMLAM01,1600070700,2021-05-12 11:16:46.844836,0:10:10.776000,170.0,"PL CC 8405/000 878X578X0,8 NE",1.0,19,2021-05-12 11:01:46.844836,170.0
1,18,CNMLAM03,1600052480,2021-05-12 11:16:46.844836,0:34:15.600000,96.0,"PL CC 8003/000 915X610X25,0 NE",10.0,22,2021-05-12 11:01:46.844836,96.0
2,18,CNMLAM08,1600052508,2021-05-12 11:16:46.845827,0:54:10.090278,303.3333333333333,"PL CC 8026/000 1000X500X10,0 NE",15.0,23,2021-05-12 11:01:46.845827,303.3333333333333
3,18,CNMLAM12,1600052508,2021-05-12 11:16:46.845827,0:54:10.090278,303.3333333333333,"PL CC 8026/000 1000X500X10,0 NE",15.0,24,2021-05-12 11:01:46.845827,303.3333333333333
4,18,CNMLAM13,1600052508,2021-05-12 11:16:46.845827,0:54:10.090278,303.3333333333333,"PL CC 8026/000 1000X500X10,0 NE",15.0,25,2021-05-12 11:01:46.845827,303.3333333333333
5,18,CNMLAM01,1600052508,2021-05-12 11:29:39.980004,0:54:10.090278,303.3333333333333,"PL CC 8026/000 1000X500X10,0 NE",15.0,26,2021-05-12 11:01:46.845827,303.3333333333333
6,18,CNMLAM07,1600052508,2021-05-12 12:27:55.268954,0:54:10.090278,303.3333333333333,"PL CC 8026/000 1000X500X10,0 NE",15.0,27,2021-05-12 11:01:46.845958,303.3333333333333
7,18,CNMLAM03,1600052508,2021-05-12 12:30:08.871274,0:54:10.090278,303.3333333333333,"PL CC 8026/000 1000X500X10,0 NE",15.0,28,2021-05-12 11:01:46.845958,303.3333333333333
8,18,CNMLAM08,1600052508,2021-05-12 12:55:20.884284,0:54:10.090278,303.3333333333333,"PL CC 8026/000 1000X500X10,0 NE",15.0,29,2021-05-12 11:01:46.845958,303.3333333333333
9,18,CNMLAM12,1600052508,2021-05-12 12:55:20.884284,0:54:10.090278,303.3333333333333,"PL CC 8026/000 1000X500X10,0 NE",15.0,30,2021-05-12 11:01:46.845958,303.3333333333333
10,18,CNMLAM13,1600052508,2021-05-12 12:55:20.884284,0:54:10.090278,303.3333333333333,"PL CC 8026/000 1000X500X10,0 NE",15.0,31,2021-05-12 11:01:46.845958,303.3333333333333
11,18,CNMLAM07,1600052508,2021-05-12 11:16:46.845958,0:32:30.054167,182.0,"PL CC 8026/000 1000X500X10,0 NE",9.0,32,2021-05-12 11:01:46.845958,182.0
12,18,CNMLAM07,1600052510,2021-05-12 14:16:29.307280,1:09:50.106942,607.575,"PL CC 8026/000 1000X500X5,0 NE",15.0,33,2021-05-12 11:01:46.845958,607.575
13,18,CNMLAM01,1600052510,2021-05-12 14:17:41.996074,1:09:50.106942,607.575,"PL CC 8026/000 1000X500X5,0 NE",15.0,34,2021-05-12 11:01:46.845958,607.575
14,18,CNMLAM03,1600052510,2021-05-12 14:18:42.909601,1:09:50.106942,607.575,"PL CC 8026/000 1000X500X5,0 NE",15.0,35,2021-05-12 11:01:46.845958,607.575
15,18,CNMLAM08,1600052510,2021-05-12 14:43:54.922611,1:09:50.106942,607.575,"PL CC 8026/000 1000X500X5,0 NE",15.0,36,2021-05-12 11:01:46.845958,607.575
16,18,CNMLAM12,1600052510,2021-05-12 14:43:54.922611,1:09:50.106942,607.575,"PL CC 8026/000 1000X500X5,0 NE",15.0,37,2021-05-12 11:01:46.845958,607.575
17,18,CNMLAM01,1600052510,2021-05-12 13:08:14.018462,0:23:16.702314,202.525,"PL CC 8026/000 1000X500X5,0 NE",5.0,46,2021-05-12 11:01:46.845958,202.525
18,18,CNMLAM13,1600068139,2021-05-12 14:43:54.922611,0:25:30,300.0,"PL CC 8405/000 1030X530X4,6 NE",7.0,64,2021-05-12 11:01:46.845958,300.0
19,18,CNMLAM13,1600070221,2021-05-12 15:16:11.631471,0:38:56.400000,500.0,"PL CC 8405/000 940X640X1,3 NE",3.0,65,2021-05-12 11:01:46.845958,500.0
20,18,CNMLAM07,1600066541,2021-05-12 15:44:53.240118,0:00:43.200000,6.0,"PL CC P050/000 1270X765X1,5 NE",1.0,68,2021-05-12 11:01:46.845958,6.0
21,18,CNMLAM07,1600072412,2021-05-12 15:45:47.923663,0:39:43.800361,290.6842105263158,"PL CI 5608/000 915X610X5,8 NE",7.0,70,2021-05-12 11:01:46.845958,290.6842105263158
22,18,CNMLAM01,1600066464,2021-05-12 15:46:05.928913,0:12:00,200.0,"PL CI 5608/000 940X640X1,0 NE",1.0,73,2021-05-12 11:01:46.845958,200.0
23,19,CNMLAM03,1600055219,2021-05-12 15:47:06.842439,1:04:32.203826,472.17391304347825,"PL CC 8002/000 915X610X6,0 NE",12.0,74,2021-05-12 11:01:46.845958,472.17391304347825
24,19,CNMLAM01,1600055219,2021-05-12 16:01:17.321318,1:04:32.203826,472.17391304347825,"PL CC 8002/000 915X610X6,0 NE",12.0,75,2021-05-12 11:01:46.845958,472.17391304347825
25,19,CNMLAM13,1600055219,2021-05-12 16:05:29.099826,1:04:32.203826,472.17391304347825,"PL CC 8002/000 915X610X6,0 NE",12.0,76,2021-05-12 11:01:46.845958,472.17391304347825
26,19,CNMLAM03,1600055219,2021-05-12 22:19:12.922881,0:53:46.836522,393.4782608695652,"PL CC 8002/000 915X610X6,0 NE",10.0,77,2021-05-12 22:19:12.922881,393.4782608695652
27,19,CNMLAM01,1600053132,2021-05-12 21:20:34.845958,0:52:09.132743,292.0353982300885,"PL CC 8002/E01 1000X500X10,0 NE",15.0,78,2021-05-12 21:20:34.845958,292.0353982300885
28,19,CNMLAM01,1600053132,2021-05-12 22:52:43.978701,0:52:09.132743,292.0353982300885,"PL CC 8002/E01 1000X500X10,0 NE",15.0,79,2021-05-12 21:20:34.845958,292.0353982300885
29,19,CNMLAM01,1600053132,2021-05-12 23:58:44.906225,0:52:09.132743,292.0353982300885,"PL CC 8002/E01 1000X500X10,0 NE",15.0,80,2021-05-12 21:20:34.845958,292.0353982300885
30,19,CNMLAM01,1600053132,2021-05-13 01:14:45.834615,0:52:09.132743,292.0353982300885,"PL CC 8002/E01 1000X500X10,0 NE",15.0,81,2021-05-12 21:20:34.846825,292.0353982300885
31,19,CNMLAM01,1600053132,2021-05-13 02:20:46.762138,0:52:09.132743,292.0353982300885,"PL CC 8002/E01 1000X500X10,0 NE",15.0,82,2021-05-12 21:20:34.846825,292.0353982300885
32,19,CNMLAM01,1600053132,2021-05-13 03:26:47.689661,0:52:09.132743,292.0353982300885,"PL CC 8002/E01 1000X500X10,0 NE",15.0,83,2021-05-12 21:20:34.846825,292.0353982300885
33,19,CNMLAM01,1600053132,2021-05-13 05:02:48.617185,0:52:09.132743,292.0353982300885,"PL CC 8002/E01 1000X500X10,0 NE",15.0,84,2021-05-12 21:20:34.846825,292.0353982300885
34,19,CNMLAM01,1600053132,2021-05-12 17:15:49.526011,0:27:48.870796,155.75221238938053,"PL CC 8002/E01 1000X500X10,0 NE",8.0,85,2021-05-12 11:01:46.846825,155.75221238938053
35,19,CNMLAM01,1600053128,2021-05-13 07:28:30.495785,1:18:22.378378,743.2432432432432,"PL CC 8002/E01 1000X500X4,0 NE",15.0,86,2021-05-12 21:20:34.846825,743.2432432432432
36,19,CNMLAM01,1600053128,2021-05-13 09:17:42.873480,1:18:22.378378,743.2432432432432,"PL CC 8002/E01 1000X500X4,0 NE",15.0,87,2021-05-12 21:20:34.846825,743.2432432432432
37,19,CNMLAM01,1600053128,2021-05-13 10:56:55.251174,1:18:22.378378,743.2432432432432,"PL CC 8002/E01 1000X500X4,0 NE",15.0,88,2021-05-12 21:20:34.846825,743.2432432432432
38,19,CNMLAM01,1600053128,2021-05-13 13:06:07.628868,1:18:22.378378,743.2432432432432,"PL CC 8002/E01 1000X500X4,0 NE",15.0,89,2021-05-12 21:20:34.846825,743.2432432432432
39,19,CNMLAM01,1600053128,2021-05-13 15:25:20.006562,1:18:22.378378,743.2432432432432,"PL CC 8002/E01 1000X500X4,0 NE",15.0,90,2021-05-12 21:20:34.846825,743.2432432432432
40,19,CNMLAM01,1600053128,2021-05-13 17:14:32.384256,1:18:22.378378,743.2432432432432,"PL CC 8002/E01 1000X500X4,0 NE",15.0,91,2021-05-12 21:20:34.846825,743.2432432432432
41,19,CNMLAM01,1600053128,2021-05-13 18:53:44.761950,1:18:22.378378,743.2432432432432,"PL CC 8002/E01 1000X500X4,0 NE",15.0,92,2021-05-12 21:20:34.846825,743.2432432432432
42,19,CNMLAM01,1600053128,2021-05-13 06:48:49.544708,0:31:20.951351,297.2972972972973,"PL CC 8002/E01 1000X500X4,0 NE",6.0,93,2021-05-12 21:20:34.846825,297.2972972972973
43,19,CNMLAM01,1600053130,2021-05-13 21:02:57.139645,1:08:09,498.6666666666667,"PL CC 8002/E01 1000X500X6,0 NE",15.0,94,2021-05-12 21:20:34.846825,498.6666666666667
44,19,CNMLAM01,1600053130,2021-05-13 23:09:13.089012,1:08:09,498.6666666666667,"PL CC 8002/E01 1000X500X6,0 NE",15.0,95,2021-05-12 21:20:34.846825,498.6666666666667
45,19,CNMLAM01,1600053130,2021-05-14 00:35:29.038379,1:08:09,498.6666666666667,"PL CC 8002/E01 1000X500X6,0 NE",15.0,96,2021-05-12 21:20:34.846825,498.6666666666667
46,19,CNMLAM01,1600053130,2021-05-14 02:11:44.987746,1:08:09,498.6666666666667,"PL CC 8002/E01 1000X500X6,0 NE",15.0,97,2021-05-12 21:20:34.846825,498.6666666666667
47,19,CNMLAM01,1600053130,2021-05-14 04:08:00.937113,1:08:09,498.6666666666667,"PL CC 8002/E01 1000X500X6,0 NE",15.0,98,2021-05-12 21:20:34.846825,498.6666666666667
48,19,CNMLAM01,1600053130,2021-05-14 06:14:16.886480,1:08:09,498.6666666666667,"PL CC 8002/E01 1000X500X6,0 NE",15.0,99,2021-05-12 21:20:34.846825,498.6666666666667
49,19,CNMLAM08,1600062716,2021-05-12 16:29:55.960316,3:31:25.248000,3523.68,"PL CC 8004/000 810X610X0,8 01",12.0,101,2021-05-12 11:01:46.846825,3523.68
50,19,CNMLAM12,1600062716,2021-05-12 16:30:18.856316,3:31:25.248000,3523.68,"PL CC 8004/000 810X610X0,8 01",12.0,102,2021-05-12 11:01:46.846825,3523.68
51,19,CNMLAM08,1600062716,2021-05-12 16:12:18.856316,0:17:37.104000,293.64,"PL CC 8004/000 810X610X0,8 01",1.0,103,2021-05-12 11:01:46.846825,293.64
52,19,CNMLAM08,1600054798,2021-05-12 23:48:39.598034,3:36:00,3600.0,"PL CC 8004/000 810X610X0,8 01",12.0,104,2021-05-12 23:48:39.598034,3600.0
53,19,CNMLAM13,1600054798,2021-05-12 23:56:39.838421,3:36:00,3600.0,"PL CC 8004/000 810X610X0,8 01",12.0,105,2021-05-12 23:48:39.598034,3600.0
54,19,CNMLAM12,1600054798,2021-05-12 16:12:18.856316,0:18:00,300.0,"PL CC 8004/000 810X610X0,8 01",1.0,106,2021-05-12 11:01:46.846825,300.0
55,19,CNMLAM03,1600054797,2021-05-12 16:51:39.047132,3:42:22.649600,3503.1111111111113,"PL CC 8004/000 940X640X0,8 PA",12.0,107,2021-05-12 11:01:46.846825,3503.1111111111113
56,19,CNMLAM13,1600054797,2021-05-12 17:20:01.304519,3:42:22.649600,3503.1111111111113,"PL CC 8004/000 940X640X0,8 PA",12.0,108,2021-05-12 11:01:46.846825,3503.1111111111113
57,19,CNMLAM07,1600054797,2021-05-12 16:36:05.393341,0:55:35.662400,875.7777777777778,"PL CC 8004/000 940X640X0,8 PA",3.0,109,2021-05-12 11:01:46.846825,875.7777777777778
58,19,CNMLAM07,1600070150,2021-05-12 17:41:41.064411,0:01:30,11.0,"PL CC 8004/000 940X640X5,0 NE",1.0,110,2021-05-12 11:01:46.855495,11.0
59,19,CNMLAM01,1600063710,2021-05-14 08:23:05.048370,1:03:00.451957,461.0869565217391,"PL CC 8004/E01 1000X500X6,0 NE",15.0,111,2021-05-12 11:01:46.855495,461.0869565217391
60,19,CNMLAM01,1600063710,2021-05-14 07:40:32.844517,0:33:36.241043,245.91304347826087,"PL CC 8004/E01 1000X500X6,0 NE",8.0,112,2021-05-12 11:01:46.855495,245.91304347826087
61,19,CNMLAM07,1600052837,2021-05-12 18:05:05.064411,0:52:33.600000,225.88235294117646,"PL CC 8123/000 950X650X10,0 NE",12.0,129,2021-05-12 11:01:46.855495,225.88235294117646
62,19,CNMLAM07,1600052837,2021-05-12 17:43:11.065759,0:21:54,94.11764705882354,"PL CC 8123/000 950X650X10,0 NE",5.0,130,2021-05-12 11:01:46.856843,94.11764705882354
63,19,CNMLAM07,1600052835,2021-05-12 18:57:38.665759,0:25:33.600000,180.0,"PL CC 8123/000 950X650X5,0 NE",5.0,131,2021-05-12 11:01:46.856843,180.0
64,19,CNMLAM07,1600072474,2021-05-12 20:11:28.576610,0:35:05.084302,190.04444444444445,"PL CC 8403/000 915X610X12,5 NE",12.0,167,2021-05-12 11:01:46.856843,190.04444444444445
65,19,CNMLAM08,1600072474,2021-05-12 20:41:21.218334,0:35:05.084302,190.04444444444445,"PL CC 8403/000 915X610X12,5 NE",12.0,168,2021-05-12 11:01:46.856843,190.04444444444445
66,19,CNMLAM12,1600072474,2021-05-12 20:41:44.114334,0:35:05.084302,190.04444444444445,"PL CC 8403/000 915X610X12,5 NE",12.0,169,2021-05-12 11:01:46.856843,190.04444444444445
67,19,CNMLAM07,1600072474,2021-05-12 20:46:33.660912,0:35:05.084302,190.04444444444445,"PL CC 8403/000 915X610X12,5 NE",12.0,170,2021-05-12 11:01:46.856843,190.04444444444445
68,19,CNMLAM03,1600072474,2021-05-12 21:14:01.706750,0:35:05.084302,190.04444444444445,"PL CC 8403/000 915X610X12,5 NE",12.0,171,2021-05-12 11:01:46.856843,190.04444444444445
69,19,CNMLAM08,1600072474,2021-05-12 21:16:26.302636,0:35:05.084302,190.04444444444445,"PL CC 8403/000 915X610X12,5 NE",12.0,172,2021-05-12 11:01:46.856843,190.04444444444445
70,19,CNMLAM12,1600072474,2021-05-12 21:16:49.198636,0:35:05.084302,190.04444444444445,"PL CC 8403/000 915X610X12,5 NE",12.0,173,2021-05-12 11:01:46.856843,190.04444444444445
71,19,CNMLAM07,1600072474,2021-05-12 21:21:38.745214,0:35:05.084302,190.04444444444445,"PL CC 8403/000 915X610X12,5 NE",12.0,174,2021-05-12 11:01:46.856843,190.04444444444445
72,19,CNMLAM13,1600072474,2021-05-12 22:12:23.964137,0:35:05.084302,190.04444444444445,"PL CC 8403/000 915X610X12,5 NE",12.0,175,2021-05-12 11:01:46.856843,190.04444444444445
73,19,CNMLAM12,1600072474,2021-05-13 09:43:35.640870,0:35:05.084302,190.04444444444445,"PL CC 8403/000 915X610X12,5 NE",12.0,176,2021-05-13 09:43:35.640870,190.04444444444445
74,19,CNMLAM03,1600072474,2021-05-13 09:43:35.640870,0:35:05.084302,190.04444444444445,"PL CC 8403/000 915X610X12,5 NE",12.0,177,2021-05-13 09:43:35.640870,190.04444444444445
75,19,CNMLAM08,1600072474,2021-05-13 09:43:35.640870,0:35:05.084302,190.04444444444445,"PL CC 8403/000 915X610X12,5 NE",12.0,178,2021-05-13 09:43:35.640870,190.04444444444445
76,19,CNMLAM13,1600072474,2021-05-13 09:43:35.640870,0:35:05.084302,190.04444444444445,"PL CC 8403/000 915X610X12,5 NE",12.0,179,2021-05-13 09:43:35.640870,190.04444444444445
77,19,CNMLAM07,1600072474,2021-05-13 10:16:54.138626,0:35:05.084302,190.04444444444445,"PL CC 8403/000 915X610X12,5 NE",12.0,180,2021-05-13 09:43:35.640870,190.04444444444445
78,19,CNMLAM03,1600072474,2021-05-13 10:28:00.304544,0:35:05.084302,190.04444444444445,"PL CC 8403/000 915X610X12,5 NE",12.0,181,2021-05-13 09:43:35.640870,190.04444444444445
79,19,CNMLAM08,1600072474,2021-05-13 10:28:00.304544,0:35:05.084302,190.04444444444445,"PL CC 8403/000 915X610X12,5 NE",12.0,182,2021-05-13 09:43:35.640870,190.04444444444445
80,19,CNMLAM12,1600072474,2021-05-13 10:28:00.305539,0:35:05.084302,190.04444444444445,"PL CC 8403/000 915X610X12,5 NE",12.0,183,2021-05-13 09:43:35.641865,190.04444444444445
81,19,CNMLAM13,1600072474,2021-05-13 10:28:00.305539,0:35:05.084302,190.04444444444445,"PL CC 8403/000 915X610X12,5 NE",12.0,184,2021-05-13 09:43:35.641865,190.04444444444445
82,19,CNMLAM07,1600072474,2021-05-13 11:01:18.803294,0:35:05.084302,190.04444444444445,"PL CC 8403/000 915X610X12,5 NE",12.0,185,2021-05-13 09:43:35.641865,190.04444444444445
83,19,CNMLAM03,1600072474,2021-05-13 11:12:24.969213,0:35:05.084302,190.04444444444445,"PL CC 8403/000 915X610X12,5 NE",12.0,186,2021-05-13 09:43:35.641865,190.04444444444445
84,19,CNMLAM08,1600072474,2021-05-13 11:12:24.969213,0:35:05.084302,190.04444444444445,"PL CC 8403/000 915X610X12,5 NE",12.0,187,2021-05-13 09:43:35.641865,190.04444444444445
85,19,CNMLAM12,1600072474,2021-05-13 11:12:24.969213,0:35:05.084302,190.04444444444445,"PL CC 8403/000 915X610X12,5 NE",12.0,188,2021-05-13 09:43:35.641865,190.04444444444445
86,19,CNMLAM13,1600072474,2021-05-13 11:12:24.969213,0:35:05.084302,190.04444444444445,"PL CC 8403/000 915X610X12,5 NE",12.0,189,2021-05-13 09:43:35.641865,190.04444444444445
87,19,CNMLAM07,1600072474,2021-05-13 12:15:43.466968,0:35:05.084302,190.04444444444445,"PL CC 8403/000 915X610X12,5 NE",12.0,190,2021-05-13 09:43:35.641865,190.04444444444445
88,19,CNMLAM03,1600072474,2021-05-13 12:26:49.632886,0:35:05.084302,190.04444444444445,"PL CC 8403/000 915X610X12,5 NE",12.0,191,2021-05-13 09:43:35.641865,190.04444444444445
89,19,CNMLAM08,1600072474,2021-05-13 12:26:49.632886,0:35:05.084302,190.04444444444445,"PL CC 8403/000 915X610X12,5 NE",12.0,192,2021-05-13 09:43:35.641865,190.04444444444445
90,19,CNMLAM12,1600072474,2021-05-13 12:26:49.632886,0:35:05.084302,190.04444444444445,"PL CC 8403/000 915X610X12,5 NE",12.0,193,2021-05-13 09:43:35.641865,190.04444444444445
91,19,CNMLAM13,1600072474,2021-05-13 12:26:49.632886,0:35:05.084302,190.04444444444445,"PL CC 8403/000 915X610X12,5 NE",12.0,194,2021-05-13 09:43:35.641865,190.04444444444445
92,19,CNMLAM07,1600072474,2021-05-13 13:00:08.130642,0:35:05.084302,190.04444444444445,"PL CC 8403/000 915X610X12,5 NE",12.0,195,2021-05-13 09:43:35.641865,190.04444444444445
93,19,CNMLAM03,1600072474,2021-05-13 13:11:14.296560,0:35:05.084302,190.04444444444445,"PL CC 8403/000 915X610X12,5 NE",12.0,196,2021-05-13 09:43:35.641865,190.04444444444445
94,19,CNMLAM08,1600072474,2021-05-13 13:11:14.296560,0:35:05.084302,190.04444444444445,"PL CC 8403/000 915X610X12,5 NE",12.0,197,2021-05-13 09:43:35.641865,190.04444444444445
95,19,CNMLAM12,1600072474,2021-05-13 13:11:14.296560,0:35:05.084302,190.04444444444445,"PL CC 8403/000 915X610X12,5 NE",12.0,198,2021-05-13 09:43:35.641865,190.04444444444445
96,19,CNMLAM13,1600072474,2021-05-13 13:11:14.296560,0:35:05.084302,190.04444444444445,"PL CC 8403/000 915X610X12,5 NE",12.0,199,2021-05-13 09:43:35.641865,190.04444444444445
97,19,CNMLAM07,1600072474,2021-05-13 09:43:35.641865,0:26:18.813227,142.53333333333333,"PL CC 8403/000 915X610X12,5 NE",9.0,200,2021-05-13 09:43:35.641865,142.53333333333333
98,19,CNMLAM07,1600072676,2021-05-13 14:24:32.794315,0:43:51.146041,237.5366568914956,"PL CC 8403/000 915X610X12,5 NE",12.0,230,2021-05-13 09:43:35.641865,237.5366568914956
99,19,CNMLAM03,1600072676,2021-05-13 14:35:38.961232,0:43:51.146041,237.5366568914956,"PL CC 8403/000 915X610X12,5 NE",12.0,231,2021-05-13 09:43:35.642863,237.5366568914956
100,19,CNMLAM08,1600072676,2021-05-13 14:35:38.961232,0:43:51.146041,237.5366568914956,"PL CC 8403/000 915X610X12,5 NE",12.0,232,2021-05-13 09:43:35.642863,237.5366568914956
101,19,CNMLAM12,1600072676,2021-05-13 14:35:38.961232,0:43:51.146041,237.5366568914956,"PL CC 8403/000 915X610X12,5 NE",12.0,233,2021-05-13 09:43:35.642863,237.5366568914956
102,19,CNMLAM13,1600072676,2021-05-13 14:35:38.961232,0:43:51.146041,237.5366568914956,"PL CC 8403/000 915X610X12,5 NE",12.0,234,2021-05-13 09:43:35.642863,237.5366568914956
103,19,CNMLAM07,1600072676,2021-05-13 15:20:03.359922,0:43:51.146041,237.5366568914956,"PL CC 8403/000 915X610X12,5 NE",12.0,235,2021-05-13 09:43:35.642863,237.5366568914956
104,19,CNMLAM03,1600072676,2021-05-13 15:31:09.525841,0:43:51.146041,237.5366568914956,"PL CC 8403/000 915X610X12,5 NE",12.0,236,2021-05-13 09:43:35.642863,237.5366568914956
105,19,CNMLAM08,1600072676,2021-05-13 15:31:09.525841,0:43:51.146041,237.5366568914956,"PL CC 8403/000 915X610X12,5 NE",12.0,237,2021-05-13 09:43:35.642863,237.5366568914956
106,19,CNMLAM12,1600072676,2021-05-13 15:31:09.525841,0:43:51.146041,237.5366568914956,"PL CC 8403/000 915X610X12,5 NE",12.0,238,2021-05-13 09:43:35.642863,237.5366568914956
107,19,CNMLAM13,1600072676,2021-05-13 15:31:09.525841,0:43:51.146041,237.5366568914956,"PL CC 8403/000 915X610X12,5 NE",12.0,239,2021-05-13 09:43:35.642863,237.5366568914956
108,19,CNMLAM07,1600072676,2021-05-13 16:15:33.924531,0:43:51.146041,237.5366568914956,"PL CC 8403/000 915X610X12,5 NE",12.0,240,2021-05-13 09:43:35.642863,237.5366568914956
109,19,CNMLAM03,1600072676,2021-05-13 16:26:40.090450,0:43:51.146041,237.5366568914956,"PL CC 8403/000 915X610X12,5 NE",12.0,241,2021-05-13 09:43:35.642863,237.5366568914956
110,19,CNMLAM08,1600072676,2021-05-13 16:26:40.090450,0:43:51.146041,237.5366568914956,"PL CC 8403/000 915X610X12,5 NE",12.0,242,2021-05-13 09:43:35.642863,237.5366568914956
111,19,CNMLAM12,1600072676,2021-05-13 16:26:40.090450,0:43:51.146041,237.5366568914956,"PL CC 8403/000 915X610X12,5 NE",12.0,243,2021-05-13 09:43:35.642863,237.5366568914956
112,19,CNMLAM13,1600072676,2021-05-13 16:26:40.090450,0:43:51.146041,237.5366568914956,"PL CC 8403/000 915X610X12,5 NE",12.0,244,2021-05-13 09:43:35.642863,237.5366568914956
113,19,CNMLAM07,1600072676,2021-05-13 17:21:04.489140,0:43:51.146041,237.5366568914956,"PL CC 8403/000 915X610X12,5 NE",12.0,245,2021-05-13 09:43:35.642863,237.5366568914956
114,19,CNMLAM03,1600072676,2021-05-13 17:32:10.655059,0:43:51.146041,237.5366568914956,"PL CC 8403/000 915X610X12,5 NE",12.0,246,2021-05-13 09:43:35.642863,237.5366568914956
115,19,CNMLAM08,1600072676,2021-05-13 17:32:10.655059,0:43:51.146041,237.5366568914956,"PL CC 8403/000 915X610X12,5 NE",12.0,247,2021-05-13 09:43:35.642863,237.5366568914956
116,19,CNMLAM12,1600072676,2021-05-13 17:32:10.655059,0:43:51.146041,237.5366568914956,"PL CC 8403/000 915X610X12,5 NE",12.0,248,2021-05-13 09:43:35.642863,237.5366568914956
117,19,CNMLAM13,1600072676,2021-05-13 17:32:10.655059,0:43:51.146041,237.5366568914956,"PL CC 8403/000 915X610X12,5 NE",12.0,249,2021-05-13 09:43:35.642863,237.5366568914956
118,19,CNMLAM07,1600072676,2021-05-13 18:16:35.053749,0:43:51.146041,237.5366568914956,"PL CC 8403/000 915X610X12,5 NE",12.0,250,2021-05-13 09:43:35.642863,237.5366568914956
119,19,CNMLAM03,1600072676,2021-05-13 18:27:41.219668,0:43:51.146041,237.5366568914956,"PL CC 8403/000 915X610X12,5 NE",12.0,251,2021-05-13 09:43:35.642863,237.5366568914956
120,19,CNMLAM08,1600072676,2021-05-13 18:27:41.219668,0:43:51.146041,237.5366568914956,"PL CC 8403/000 915X610X12,5 NE",12.0,252,2021-05-13 09:43:35.642863,237.5366568914956
121,19,CNMLAM12,1600072676,2021-05-13 18:27:41.219668,0:43:51.146041,237.5366568914956,"PL CC 8403/000 915X610X12,5 NE",12.0,253,2021-05-13 09:43:35.642863,237.5366568914956
122,19,CNMLAM13,1600072676,2021-05-13 18:27:41.219668,0:43:51.146041,237.5366568914956,"PL CC 8403/000 915X610X12,5 NE",12.0,254,2021-05-13 09:43:35.642863,237.5366568914956
123,19,CNMLAM07,1600072676,2021-05-13 19:12:05.618358,0:43:51.146041,237.5366568914956,"PL CC 8403/000 915X610X12,5 NE",12.0,255,2021-05-13 09:43:35.642863,237.5366568914956
124,19,CNMLAM03,1600072676,2021-05-13 19:23:11.784276,0:43:51.146041,237.5366568914956,"PL CC 8403/000 915X610X12,5 NE",12.0,256,2021-05-13 09:43:35.642863,237.5366568914956
125,19,CNMLAM08,1600072676,2021-05-13 19:23:11.784276,0:43:51.146041,237.5366568914956,"PL CC 8403/000 915X610X12,5 NE",12.0,257,2021-05-13 09:43:35.642863,237.5366568914956
126,19,CNMLAM07,1600072676,2021-05-12 19:23:12.267752,0:18:16.310850,98.97360703812316,"PL CC 8403/000 915X610X12,5 NE",5.0,258,2021-05-12 11:01:46.858836,98.97360703812316
127,19,CNMLAM12,1600054424,2021-05-12 22:31:54.284931,0:53:33,300.0,"PL CC 8405/000 1000X500X10,0 06",15.0,264,2021-05-12 11:01:46.858836,300.0
128,19,CNMLAM08,1600054424,2021-05-12 22:31:31.388931,0:10:42.600000,60.0,"PL CC 8405/000 1000X500X10,0 06",3.0,265,2021-05-12 11:01:46.858836,60.0
129,19,CNMLAM13,1600052333,2021-05-13 19:23:11.784276,1:40:14.198606,1035.7860262008733,"PL CC 8405/000 1000X500X3,0 NE",15.0,266,2021-05-13 16:55:05.885451,1035.7860262008733
130,19,CNMLAM12,1600052333,2021-05-13 20:27:01.893511,1:40:14.198606,1035.7860262008733,"PL CC 8405/000 1000X500X3,0 NE",15.0,267,2021-05-13 16:55:05.885451,1035.7860262008733
131,19,CNMLAM07,1600052333,2021-05-13 20:37:36.182967,1:40:14.198606,1035.7860262008733,"PL CC 8405/000 1000X500X3,0 NE",15.0,268,2021-05-13 16:55:05.885451,1035.7860262008733
132,19,CNMLAM03,1600052333,2021-05-13 20:48:42.349885,1:40:14.198606,1035.7860262008733,"PL CC 8405/000 1000X500X3,0 NE",15.0,269,2021-05-13 16:55:05.885451,1035.7860262008733
133,19,CNMLAM08,1600052333,2021-05-13 20:48:42.349885,1:40:14.198606,1035.7860262008733,"PL CC 8405/000 1000X500X3,0 NE",15.0,270,2021-05-13 16:55:05.886451,1035.7860262008733
134,19,CNMLAM13,1600052333,2021-05-13 22:40:04.694904,1:40:14.198606,1035.7860262008733,"PL CC 8405/000 1000X500X3,0 NE",15.0,271,2021-05-13 16:55:05.886451,1035.7860262008733
135,19,CNMLAM12,1600052333,2021-05-13 23:13:54.804138,1:40:14.198606,1035.7860262008733,"PL CC 8405/000 1000X500X3,0 NE",15.0,272,2021-05-13 16:55:05.886451,1035.7860262008733
136,19,CNMLAM07,1600052333,2021-05-13 23:24:29.093595,1:40:14.198606,1035.7860262008733,"PL CC 8405/000 1000X500X3,0 NE",15.0,273,2021-05-13 16:55:05.886451,1035.7860262008733
137,19,CNMLAM03,1600052333,2021-05-13 23:35:35.259513,1:40:14.198606,1035.7860262008733,"PL CC 8405/000 1000X500X3,0 NE",15.0,274,2021-05-13 16:55:05.886451,1035.7860262008733
138,19,CNMLAM08,1600052333,2021-05-13 23:35:35.259513,1:40:14.198606,1035.7860262008733,"PL CC 8405/000 1000X500X3,0 NE",15.0,275,2021-05-13 16:55:05.886451,1035.7860262008733
139,19,CNMLAM13,1600052333,2021-05-14 00:46:57.604532,1:40:14.198606,1035.7860262008733,"PL CC 8405/000 1000X500X3,0 NE",15.0,276,2021-05-13 16:55:05.886451,1035.7860262008733
140,19,CNMLAM12,1600052333,2021-05-14 01:30:47.713766,1:40:14.198606,1035.7860262008733,"PL CC 8405/000 1000X500X3,0 NE",15.0,277,2021-05-13 16:55:05.886451,1035.7860262008733
141,19,CNMLAM07,1600052333,2021-05-14 01:41:22.003223,1:40:14.198606,1035.7860262008733,"PL CC 8405/000 1000X500X3,0 NE",15.0,278,2021-05-13 16:55:05.886451,1035.7860262008733
142,19,CNMLAM03,1600052333,2021-05-14 01:52:28.169141,1:40:14.198606,1035.7860262008733,"PL CC 8405/000 1000X500X3,0 NE",15.0,279,2021-05-13 16:55:05.886451,1035.7860262008733
143,19,CNMLAM08,1600052333,2021-05-14 01:52:28.169141,1:40:14.198606,1035.7860262008733,"PL CC 8405/000 1000X500X3,0 NE",15.0,280,2021-05-13 16:55:05.886451,1035.7860262008733
144,19,CNMLAM12,1600052333,2021-05-13 19:23:11.785276,0:26:43.786295,276.2096069868996,"PL CC 8405/000 1000X500X3,0 NE",4.0,281,2021-05-13 16:55:05.886451,276.2096069868996
145,19,CNMLAM13,1600054422,2021-05-14 03:21:17.855932,1:08:57,600.0,"PL CC 8405/000 1000X500X5,0 01",15.0,282,2021-05-13 16:55:05.886451,600.0
146,19,CNMLAM13,1600054422,2021-05-14 03:03:50.514160,0:13:47.400000,120.0,"PL CC 8405/000 1000X500X5,0 01",3.0,283,2021-05-13 16:55:05.886451,120.0
147,19,CNMLAM07,1600070607,2021-05-12 22:36:43.832509,0:46:44.400000,550.0,"PL CC 8405/000 1030X530X4,6 NE",13.0,284,2021-05-12 11:01:46.859836,550.0
148,19,CNMLAM08,1600072131,2021-05-12 22:42:13.989931,1:59:45.600000,2000.0,"PL CC 8405/000 878X578X0,8 NE",7.0,285,2021-05-12 11:01:46.859836,2000.0
149,19,CNMLAM13,1600062864,2021-05-12 22:47:29.051432,0:34:15.600000,192.0,"PL CC 8405/000 900X600X10,0 NE",8.0,288,2021-05-12 11:01:46.859836,192.0
150,19,CNMLAM13,1600062866,2021-05-12 23:21:44.651432,0:34:55.200000,96.0,"PL CC 8405/000 900X600X20,0 NE",9.0,289,2021-05-12 11:01:46.859836,96.0
151,19,CNMLAM07,1600063539,2021-05-12 23:23:28.232509,0:35:31.200000,260.0,"PL CC 8702/000  915X610X6,0  NE",9.0,290,2021-05-12 11:01:46.859836,260.0
152,19,CNMLAM12,1600063627,2021-05-12 23:25:27.285931,0:35:31.200000,260.0,"PL CC 8702/000  915X610X6,0  NE",9.0,291,2021-05-12 11:01:46.859836,260.0
153,19,CNMLAM03,1600068640,2021-05-12 23:27:17.539951,0:01:37.200000,12.0,"PL CC P050/000 1270X765X2,0 NE",1.0,298,2021-05-12 11:01:46.859836,12.0
154,19,CNMLAM03,1600060896,2021-05-12 23:28:54.739951,0:06:39.600000,50.0,"PL CC P050/000 1270X765X2,0 NE",1.0,299,2021-05-12 11:01:46.859836,50.0
155,19,CNMLAM03,1600069181,2021-05-12 23:35:34.339951,0:02:13.200000,21.0,"PL CI 5084/000 950X650X4,0 NE",1.0,300,2021-05-12 11:01:46.859836,21.0
156,19,CNMLAM12,1600042656,2021-05-14 23:48:36.869790,0:49:04.103226,232.25806451612902,"PL CI 5608/000  915X610X12,0 NE",12.0,301,2021-05-14 23:48:36.869790,232.25806451612902
157,19,CNMLAM07,1600042656,2021-05-14 23:48:36.869790,0:49:04.103226,232.25806451612902,"PL CI 5608/000  915X610X12,0 NE",12.0,302,2021-05-14 23:48:36.869790,232.25806451612902
158,19,CNMLAM03,1600042656,2021-05-14 23:48:36.869790,0:49:04.103226,232.25806451612902,"PL CI 5608/000  915X610X12,0 NE",12.0,303,2021-05-14 23:48:36.869790,232.25806451612902
159,19,CNMLAM08,1600042656,2021-05-14 23:48:36.869790,0:49:04.103226,232.25806451612902,"PL CI 5608/000  915X610X12,0 NE",12.0,304,2021-05-14 23:48:36.869790,232.25806451612902
160,19,CNMLAM13,1600042656,2021-05-14 23:48:36.869790,0:49:04.103226,232.25806451612902,"PL CI 5608/000  915X610X12,0 NE",12.0,305,2021-05-14 23:48:36.869790,232.25806451612902
161,19,CNMLAM01,1600042656,2021-05-14 23:48:36.869790,0:49:04.103226,232.25806451612902,"PL CI 5608/000  915X610X12,0 NE",12.0,306,2021-05-14 23:48:36.869790,232.25806451612902
162,19,CNMLAM01,1600042656,2021-05-15 00:50:43.582734,0:49:04.103226,232.25806451612902,"PL CI 5608/000  915X610X12,0 NE",12.0,307,2021-05-14 23:48:36.869790,232.25806451612902
163,19,CNMLAM03,1600042656,2021-05-15 00:50:43.582734,0:49:04.103226,232.25806451612902,"PL CI 5608/000  915X610X12,0 NE",12.0,308,2021-05-14 23:48:36.869790,232.25806451612902
164,19,CNMLAM07,1600042656,2021-05-15 00:50:43.582734,0:49:04.103226,232.25806451612902,"PL CI 5608/000  915X610X12,0 NE",12.0,309,2021-05-14 23:48:36.869790,232.25806451612902
165,19,CNMLAM08,1600042656,2021-05-15 00:50:43.582734,0:49:04.103226,232.25806451612902,"PL CI 5608/000  915X610X12,0 NE",12.0,310,2021-05-14 23:48:36.869790,232.25806451612902
166,19,CNMLAM12,1600042656,2021-05-15 00:50:43.582734,0:49:04.103226,232.25806451612902,"PL CI 5608/000  915X610X12,0 NE",12.0,311,2021-05-14 23:48:36.869790,232.25806451612902
167,19,CNMLAM13,1600042656,2021-05-15 00:50:43.582734,0:49:04.103226,232.25806451612902,"PL CI 5608/000  915X610X12,0 NE",12.0,312,2021-05-14 23:48:36.869790,232.25806451612902
168,19,CNMLAM01,1600042656,2021-05-15 02:02:50.295678,0:49:04.103226,232.25806451612902,"PL CI 5608/000  915X610X12,0 NE",12.0,313,2021-05-14 23:48:36.869790,232.25806451612902
169,19,CNMLAM03,1600042656,2021-05-15 02:02:50.295678,0:49:04.103226,232.25806451612902,"PL CI 5608/000  915X610X12,0 NE",12.0,314,2021-05-14 23:48:36.869790,232.25806451612902
170,19,CNMLAM07,1600042656,2021-05-15 02:02:50.295678,0:49:04.103226,232.25806451612902,"PL CI 5608/000  915X610X12,0 NE",12.0,315,2021-05-14 23:48:36.869790,232.25806451612902
171,19,CNMLAM03,1600042656,2021-05-12 23:37:47.539951,0:24:32.051613,116.12903225806451,"PL CI 5608/000  915X610X12,0 NE",6.0,316,2021-05-12 11:01:46.859836,116.12903225806451
172,19,CNMLAM12,1600042654,2021-05-15 02:02:50.295678,1:05:12.462651,477.10843373493975,"PL CI 5608/000  915X610X6,0 NE",12.0,317,2021-05-14 23:48:36.869790,477.10843373493975
173,19,CNMLAM13,1600042654,2021-05-15 02:02:50.295678,1:05:12.462651,477.10843373493975,"PL CI 5608/000  915X610X6,0 NE",12.0,318,2021-05-14 23:48:36.869790,477.10843373493975
174,19,CNMLAM01,1600042654,2021-05-15 03:04:57.008622,1:05:12.462651,477.10843373493975,"PL CI 5608/000  915X610X6,0 NE",12.0,319,2021-05-14 23:48:36.869790,477.10843373493975
175,19,CNMLAM03,1600042654,2021-05-15 03:04:57.008622,1:05:12.462651,477.10843373493975,"PL CI 5608/000  915X610X6,0 NE",12.0,320,2021-05-14 23:48:36.869790,477.10843373493975
176,19,CNMLAM07,1600042654,2021-05-15 03:04:57.008622,1:05:12.462651,477.10843373493975,"PL CI 5608/000  915X610X6,0 NE",12.0,321,2021-05-14 23:48:36.869790,477.10843373493975
177,19,CNMLAM08,1600042654,2021-05-15 03:11:37.369108,1:05:12.462651,477.10843373493975,"PL CI 5608/000  915X610X6,0 NE",12.0,322,2021-05-14 23:48:36.872913,477.10843373493975
178,19,CNMLAM12,1600042654,2021-05-15 03:25:22.783169,1:05:12.462651,477.10843373493975,"PL CI 5608/000  915X610X6,0 NE",12.0,323,2021-05-14 23:48:36.872913,477.10843373493975
179,19,CNMLAM13,1600042654,2021-05-15 03:25:22.783169,1:05:12.462651,477.10843373493975,"PL CI 5608/000  915X610X6,0 NE",12.0,324,2021-05-14 23:48:36.872913,477.10843373493975
180,19,CNMLAM01,1600042654,2021-05-15 04:57:29.496113,1:05:12.462651,477.10843373493975,"PL CI 5608/000  915X610X6,0 NE",12.0,325,2021-05-14 23:48:36.872913,477.10843373493975
181,19,CNMLAM03,1600042654,2021-05-15 04:57:29.496113,1:05:12.462651,477.10843373493975,"PL CI 5608/000  915X610X6,0 NE",12.0,326,2021-05-14 23:48:36.872913,477.10843373493975
182,19,CNMLAM07,1600042654,2021-05-15 04:57:29.496113,1:05:12.462651,477.10843373493975,"PL CI 5608/000  915X610X6,0 NE",12.0,327,2021-05-14 23:48:36.872913,477.10843373493975
183,19,CNMLAM08,1600042654,2021-05-15 05:04:09.853476,1:05:12.462651,477.10843373493975,"PL CI 5608/000  915X610X6,0 NE",12.0,328,2021-05-14 23:48:36.872913,477.10843373493975
184,19,CNMLAM12,1600042654,2021-05-15 05:17:55.267537,1:05:12.462651,477.10843373493975,"PL CI 5608/000  915X610X6,0 NE",12.0,329,2021-05-14 23:48:36.872913,477.10843373493975
185,19,CNMLAM08,1600042654,2021-05-15 02:02:50.298801,0:54:20.385542,397.5903614457831,"PL CI 5608/000  915X610X6,0 NE",10.0,330,2021-05-14 23:48:36.872913,397.5903614457831
186,19,CNMLAM13,1600039912,2021-05-15 05:17:55.267537,0:42:50.280663,232.04419889502762,"PL CI 5608/000 915X610X12,5 NE",12.0,331,2021-05-14 23:48:36.872913,232.04419889502762
187,19,CNMLAM13,1600039912,2021-05-15 06:52:08.787364,0:42:50.280663,232.04419889502762,"PL CI 5608/000 915X610X12,5 NE",12.0,332,2021-05-14 23:48:36.872913,232.04419889502762
188,19,CNMLAM01,1600039912,2021-05-15 07:00:01.980481,0:42:50.280663,232.04419889502762,"PL CI 5608/000 915X610X12,5 NE",12.0,333,2021-05-14 23:48:36.872913,232.04419889502762
189,19,CNMLAM03,1600039912,2021-05-15 07:00:01.980481,0:42:50.280663,232.04419889502762,"PL CI 5608/000 915X610X12,5 NE",12.0,334,2021-05-14 23:48:36.872913,232.04419889502762
190,19,CNMLAM07,1600039912,2021-05-15 07:00:01.980481,0:42:50.280663,232.04419889502762,"PL CI 5608/000 915X610X12,5 NE",12.0,335,2021-05-14 23:48:36.872913,232.04419889502762
191,19,CNMLAM08,1600039912,2021-05-15 07:06:42.337844,0:42:50.280663,232.04419889502762,"PL CI 5608/000 915X610X12,5 NE",12.0,336,2021-05-14 23:48:36.872913,232.04419889502762
192,19,CNMLAM12,1600039912,2021-05-15 07:20:27.751905,0:42:50.280663,232.04419889502762,"PL CI 5608/000 915X610X12,5 NE",12.0,337,2021-05-14 23:48:36.872913,232.04419889502762
193,19,CNMLAM13,1600039912,2021-05-15 07:46:22.307190,0:42:50.280663,232.04419889502762,"PL CI 5608/000 915X610X12,5 NE",12.0,338,2021-05-14 23:48:36.872913,232.04419889502762
194,19,CNMLAM01,1600039912,2021-05-15 07:54:15.500308,0:42:50.280663,232.04419889502762,"PL CI 5608/000 915X610X12,5 NE",12.0,339,2021-05-14 23:48:36.872913,232.04419889502762
195,19,CNMLAM03,1600039912,2021-05-15 07:54:15.500308,0:42:50.280663,232.04419889502762,"PL CI 5608/000 915X610X12,5 NE",12.0,340,2021-05-14 23:48:36.872913,232.04419889502762
196,19,CNMLAM07,1600039912,2021-05-15 07:54:15.500308,0:42:50.280663,232.04419889502762,"PL CI 5608/000 915X610X12,5 NE",12.0,341,2021-05-14 23:48:36.872913,232.04419889502762
197,19,CNMLAM08,1600039912,2021-05-15 08:00:55.857670,0:42:50.280663,232.04419889502762,"PL CI 5608/000 915X610X12,5 NE",12.0,342,2021-05-14 23:48:36.872913,232.04419889502762
198,19,CNMLAM12,1600039912,2021-05-15 08:14:41.271731,0:42:50.280663,232.04419889502762,"PL CI 5608/000 915X610X12,5 NE",12.0,343,2021-05-14 23:48:36.872913,232.04419889502762
199,19,CNMLAM13,1600039912,2021-05-15 08:40:35.827017,0:42:50.280663,232.04419889502762,"PL CI 5608/000 915X610X12,5 NE",12.0,344,2021-05-14 23:48:36.872913,232.04419889502762
200,19,CNMLAM01,1600039912,2021-05-15 08:48:29.020134,0:42:50.280663,232.04419889502762,"PL CI 5608/000 915X610X12,5 NE",12.0,345,2021-05-14 23:48:36.872913,232.04419889502762
201,19,CNMLAM07,1600039912,2021-05-12 23:58:59.435632,0:03:34.190055,19.337016574585636,"PL CI 5608/000 915X610X12,5 NE",1.0,346,2021-05-12 11:01:46.862959,19.337016574585636
202,19,CNMLAM07,1600039915,2021-05-15 08:48:29.020134,1:08:06.427119,498.3050847457627,"PL CI 5608/000 915X610X5,8 NE",12.0,347,2021-05-14 23:48:36.872913,498.3050847457627
203,19,CNMLAM08,1600039915,2021-05-15 08:55:09.377497,1:08:06.427119,498.3050847457627,"PL CI 5608/000 915X610X5,8 NE",12.0,348,2021-05-14 23:48:36.872913,498.3050847457627
204,19,CNMLAM12,1600039915,2021-05-15 09:18:54.791558,1:08:06.427119,498.3050847457627,"PL CI 5608/000 915X610X5,8 NE",12.0,349,2021-05-14 23:48:36.872913,498.3050847457627
205,19,CNMLAM13,1600039915,2021-05-15 09:44:49.346843,1:08:06.427119,498.3050847457627,"PL CI 5608/000 915X610X5,8 NE",12.0,350,2021-05-14 23:48:36.872913,498.3050847457627
206,19,CNMLAM01,1600039915,2021-05-15 09:52:42.539961,1:08:06.427119,498.3050847457627,"PL CI 5608/000 915X610X5,8 NE",12.0,351,2021-05-14 23:48:36.872913,498.3050847457627
207,19,CNMLAM03,1600039915,2021-05-15 10:10:19.597264,1:08:06.427119,498.3050847457627,"PL CI 5608/000 915X610X5,8 NE",12.0,352,2021-05-14 23:48:36.872913,498.3050847457627
208,19,CNMLAM07,1600039915,2021-05-15 10:24:41.712689,1:08:06.427119,498.3050847457627,"PL CI 5608/000 915X610X5,8 NE",12.0,353,2021-05-14 23:48:36.872913,498.3050847457627
209,19,CNMLAM08,1600039915,2021-05-15 10:31:22.070052,1:08:06.427119,498.3050847457627,"PL CI 5608/000 915X610X5,8 NE",12.0,354,2021-05-14 23:48:36.872913,498.3050847457627
210,19,CNMLAM12,1600039915,2021-05-15 10:45:07.484113,1:08:06.427119,498.3050847457627,"PL CI 5608/000 915X610X5,8 NE",12.0,355,2021-05-14 23:48:36.872913,498.3050847457627
211,19,CNMLAM03,1600039915,2021-05-15 08:48:29.020134,0:56:45.355932,415.2542372881356,"PL CI 5608/000 915X610X5,8 NE",10.0,356,2021-05-14 23:48:36.872913,415.2542372881356
212,17,CNMLAMLX,1600064048,2021-05-12 14:16:26.336643,2:05:00.600000,937.5,"PL CC 8405/S11 940X640X2,9 NE",12.0,395,2021-05-12 11:01:46.862959,937.5
213,17,CNMLAMLX,1600064048,2021-05-12 17:10:55.547170,2:05:00.600000,937.5,"PL CC 8405/S11 940X640X2,9 NE",12.0,396,2021-05-12 11:01:46.862959,937.5
214,17,CNMLAMLX,1600064048,2021-05-12 11:16:46.862959,1:23:20.400000,625.0,"PL CC 8405/S11 940X640X2,9 NE",8.0,397,2021-05-12 11:01:46.862959,625.0
215,17,CNMLAMLX,1600068061,2021-05-12 20:32:45.394171,0:33:29.302326,279.06976744186045,"PL CC 8405/S21 940X640X9,7 NE",12.0,398,2021-05-12 11:01:46.862959,279.06976744186045
216,17,CNMLAMLX,1600068061,2021-05-12 21:16:49.213020,0:33:29.302326,279.06976744186045,"PL CC 8405/S21 940X640X9,7 NE",12.0,399,2021-05-12 11:01:46.862959,279.06976744186045
217,17,CNMLAMLX,1600068061,2021-05-13 06:40:53.031870,0:33:29.302326,279.06976744186045,"PL CC 8405/S21 940X640X9,7 NE",12.0,400,2021-05-12 11:01:46.862959,279.06976744186045
218,17,CNMLAMLX,1600068061,2021-05-13 07:24:56.850719,0:33:29.302326,279.06976744186045,"PL CC 8405/S21 940X640X9,7 NE",12.0,401,2021-05-12 11:01:46.862959,279.06976744186045
219,17,CNMLAMLX,1600068061,2021-05-13 08:09:00.669569,0:33:29.302326,279.06976744186045,"PL CC 8405/S21 940X640X9,7 NE",12.0,402,2021-05-12 11:01:46.862959,279.06976744186045
220,17,CNMLAMLX,1600068061,2021-05-13 08:53:04.488418,0:33:29.302326,279.06976744186045,"PL CC 8405/S21 940X640X9,7 NE",12.0,403,2021-05-12 11:01:46.862959,279.06976744186045
221,17,CNMLAMLX,1600068061,2021-05-13 09:47:08.308711,0:33:29.302326,279.06976744186045,"PL CC 8405/S21 940X640X9,7 NE",12.0,404,2021-05-12 11:01:46.864403,279.06976744186045
222,17,CNMLAMLX,1600068061,2021-05-12 20:25:24.759140,0:05:34.883721,46.51162790697674,"PL CC 8405/S21 940X640X9,7 NE",2.0,405,2021-05-12 11:01:46.864403,46.51162790697674
223,18,CNMLAMLX,1600071512,2021-05-13 17:25:30.203786,0:33:45.931034,281.37931034482756,"PL CC 8405/S21 940X640X9,7 NE",12.0,410,2021-05-12 11:01:46.864403,281.37931034482756
224,18,CNMLAMLX,1600071512,2021-05-13 18:09:55.902516,0:33:45.931034,281.37931034482756,"PL CC 8405/S21 940X640X9,7 NE",12.0,411,2021-05-12 11:01:46.864403,281.37931034482756
225,18,CNMLAMLX,1600071512,2021-05-13 10:38:32.764036,0:14:04.137931,117.24137931034483,"PL CC 8405/S21 940X640X9,7 NE",5.0,412,2021-05-12 11:01:46.864403,117.24137931034483
226,18,CNMLAMLX,1600052682,2021-05-13 10:57:03.471840,0:33:29.302326,279.06976744186045,"PL CC 8405/S21 940X640X9,7 NE",12.0,413,2021-05-12 11:01:46.864403,279.06976744186045
227,18,CNMLAMLX,1600052682,2021-05-13 12:11:07.290689,0:33:29.302326,279.06976744186045,"PL CC 8405/S21 940X640X9,7 NE",12.0,414,2021-05-12 11:01:46.864403,279.06976744186045
228,18,CNMLAMLX,1600052682,2021-05-13 12:55:11.109539,0:33:29.302326,279.06976744186045,"PL CC 8405/S21 940X640X9,7 NE",12.0,415,2021-05-12 11:01:46.864403,279.06976744186045
229,18,CNMLAMLX,1600052682,2021-05-13 14:19:14.928388,0:33:29.302326,279.06976744186045,"PL CC 8405/S21 940X640X9,7 NE",12.0,416,2021-05-12 11:01:46.864403,279.06976744186045
230,18,CNMLAMLX,1600052682,2021-05-13 15:03:18.747238,0:33:29.302326,279.06976744186045,"PL CC 8405/S21 940X640X9,7 NE",12.0,417,2021-05-12 11:01:46.864403,279.06976744186045
231,18,CNMLAMLX,1600052682,2021-05-13 15:47:22.566087,0:33:29.302326,279.06976744186045,"PL CC 8405/S21 940X640X9,7 NE",12.0,418,2021-05-12 11:01:46.864403,279.06976744186045
232,18,CNMLAMLX,1600052682,2021-05-13 16:31:26.384936,0:33:29.302326,279.06976744186045,"PL CC 8405/S21 940X640X9,7 NE",12.0,419,2021-05-12 11:01:46.864403,279.06976744186045
233,18,CNMLAMLX,1600052682,2021-05-13 10:31:12.127561,0:05:34.883721,46.51162790697674,"PL CC 8405/S21 940X640X9,7 NE",2.0,420,2021-05-12 11:01:46.864403,46.51162790697674
234,18,CNMLAMLX,1600056541,2021-05-13 19:24:56.789215,0:27:53.691429,232.45714285714286,"PL CC 8745/S21 800X600X9,7 NE",12.0,421,2021-05-12 11:01:46.864403,232.45714285714286
235,18,CNMLAMLX,1600056541,2021-05-13 20:31:39.014779,0:27:53.691429,232.45714285714286,"PL CC 8745/S21 800X600X9,7 NE",12.0,422,2021-05-12 11:01:46.864403,232.45714285714286
236,18,CNMLAMLX,1600056541,2021-05-13 21:08:21.240343,0:27:53.691429,232.45714285714286,"PL CC 8745/S21 800X600X9,7 NE",12.0,423,2021-05-12 11:01:46.864403,232.45714285714286
237,18,CNMLAMLX,1600056541,2021-05-14 06:25:03.465907,0:27:53.691429,232.45714285714286,"PL CC 8745/S21 800X600X9,7 NE",12.0,424,2021-05-12 11:01:46.864403,232.45714285714286
238,18,CNMLAMLX,1600056541,2021-05-14 07:01:45.691471,0:27:53.691429,232.45714285714286,"PL CC 8745/S21 800X600X9,7 NE",12.0,425,2021-05-12 11:01:46.864403,232.45714285714286
239,18,CNMLAMLX,1600056541,2021-05-13 18:54:21.601245,0:23:14.742857,193.71428571428572,"PL CC 8745/S21 800X600X9,7 NE",10.0,426,2021-05-12 11:01:46.864403,193.71428571428572
240,18,CNMLAMLX,1600071785,2021-05-14 07:38:27.917035,0:00:39.600000,5.0,"PL CC 8826/S21 940X640X6,0 NE",1.0,427,2021-05-12 11:01:46.864403,5.0
241,18,CNMLAMLX,1600071784,2021-05-14 07:39:20.022298,0:01:51.600000,14.0,"PL CC 8826/S21 940X640X6,0 NE",1.0,428,2021-05-12 11:01:46.864403,14.0
242,18,CNMLAMLX,1600071786,2021-05-14 07:41:46.864403,0:03:28.800000,26.0,"PL CC 8826/S21 940X640X6,0 NE",1.0,429,2021-05-12 11:01:46.864403,26.0
243,18,CNMLAMLX,1600071783,2021-05-14 07:46:21.601245,0:03:43.200000,28.0,"PL CC 8826/S21 940X640X6,0 NE",1.0,430,2021-05-12 11:01:46.864403,28.0
244,18,CNMLAMLX,1600071778,2021-05-14 07:51:15.285456,0:26:56,202.0,"PL CC M 8405/S21 940X640X6,0 NE",6.0,432,2021-05-12 11:01:46.864403,202.0
245,18,CNMLAMLX,1600061875,2021-05-14 08:26:41.601245,0:06:00,20.0,"PL CC P050/S21 1270X765X7,5 NE",2.0,433,2021-05-12 11:01:46.864403,20.0
246,18,CNMLAMLX,1600057534,2021-05-14 08:34:35.285456,0:06:00,20.0,"PL CC P050/S21 1270X765X8,0 NE",2.0,434,2021-05-12 11:01:46.864403,20.0
247,18,CNMLAMLX,1600061878,2021-05-14 08:42:28.969666,0:09:00,30.0,"PL CC P050/S21 1270X765X8,5 NE",3.0,435,2021-05-12 11:01:46.864403,30.0
248,18,CNMLAMLX,1600069153,2021-05-14 08:54:19.495982,0:19:58.800000,150.0,"PL CI 5084/S11 950X650X4,0 NE",4.0,436,2021-05-12 11:01:46.864403,150.0
249,19,CNMLAMLX,1600070047,2021-05-14 09:30:36.864403,0:02:24,18.0,"PL CC 8003/S11 940X640X2,9 NE",1.0,440,2021-05-12 11:01:46.864403,18.0
250,19,CNMLAMLX,1600070044,2021-05-14 09:33:46.338087,0:37:26.400000,281.0,"PL CC 8003/S11 940X640X4,0 ZZ",5.0,441,2021-05-12 11:01:46.864403,281.0
251,19,CNMLAMLX,1600072944,2021-05-14 10:44:08.324180,0:31:52.569659,100.94117647058823,"PL CC 8004/S21 940X640X25,0 NE",12.0,442,2021-05-12 11:01:46.864403,100.94117647058823
252,19,CNMLAMLX,1600072944,2021-05-14 10:26:39.766252,0:13:16.904025,42.05882352941177,"PL CC 8004/S21 940X640X25,0 NE",5.0,443,2021-05-12 11:01:46.864403,42.05882352941177
253,19,CNMLAMLX,1600063578,2021-05-14 11:26:04.863205,0:33:04.864865,104.75675675675676,"PL CC 8004/S21 940X640X25,0 NE",12.0,444,2021-05-13 00:55:42.719859,104.75675675675676
254,19,CNMLAMLX,1600063578,2021-05-14 12:39:36.527501,0:33:04.864865,104.75675675675676,"PL CC 8004/S21 940X640X25,0 NE",12.0,445,2021-05-13 00:55:42.719859,104.75675675675676
255,19,CNMLAMLX,1600063578,2021-05-14 13:23:08.191797,0:33:04.864865,104.75675675675676,"PL CC 8004/S21 940X640X25,0 NE",12.0,446,2021-05-13 00:55:42.719859,104.75675675675676
256,19,CNMLAMLX,1600063578,2021-05-14 10:23:02.127561,0:02:45.405405,8.72972972972973,"PL CC 8004/S21 940X640X25,0 NE",1.0,447,2021-05-12 11:01:46.864403,8.72972972972973
257,19,CNMLAMLX,1600072066,2021-05-14 14:46:39.856093,1:03:01.148936,414.8936170212766,"PL CC 8405/S11 1000X500X7,0 NE",15.0,449,2021-05-13 16:55:05.891018,414.8936170212766
258,19,CNMLAMLX,1600072066,2021-05-14 16:09:35.052061,1:03:01.148936,414.8936170212766,"PL CC 8405/S11 1000X500X7,0 NE",15.0,450,2021-05-13 16:55:05.891018,414.8936170212766
259,19,CNMLAMLX,1600072066,2021-05-14 17:42:30.248030,1:03:01.148936,414.8936170212766,"PL CC 8405/S11 1000X500X7,0 NE",15.0,451,2021-05-13 16:55:05.891018,414.8936170212766
260,19,CNMLAMLX,1600072140,2021-05-14 19:05:25.443999,0:05:20.400000,40.0,"PL CC 8405/S11 940X640X4,0 NE",1.0,453,2021-05-12 11:01:46.864403,40.0
261,19,CNMLAMLX,1600066447,2021-05-14 19:12:27.023985,0:01:33.600000,5.0,"PL CC 8405/S21 940X640X25,0 NE",1.0,454,2021-05-12 11:01:46.865442,5.0
262,19,CNMLAMLX,1600068062,2021-05-14 19:21:50.818355,0:33:29.302326,279.06976744186045,"PL CC 8405/S21 940X640X9,7 NE",12.0,457,2021-05-12 11:01:46.865442,279.06976744186045
263,19,CNMLAMLX,1600068062,2021-05-14 20:35:54.637204,0:33:29.302326,279.06976744186045,"PL CC 8405/S21 940X640X9,7 NE",12.0,458,2021-05-13 18:14:01.760189,279.06976744186045
264,19,CNMLAMLX,1600068062,2021-05-14 21:19:58.456054,0:33:29.302326,279.06976744186045,"PL CC 8405/S21 940X640X9,7 NE",12.0,459,2021-05-13 18:14:01.760189,279.06976744186045
265,19,CNMLAMLX,1600068062,2021-05-15 06:44:02.274903,0:33:29.302326,279.06976744186045,"PL CC 8405/S21 940X640X9,7 NE",12.0,460,2021-05-13 18:14:01.760189,279.06976744186045
266,19,CNMLAMLX,1600068062,2021-05-15 07:28:06.093752,0:33:29.302326,279.06976744186045,"PL CC 8405/S21 940X640X9,7 NE",12.0,461,2021-05-13 18:14:01.760189,279.06976744186045
267,19,CNMLAMLX,1600068062,2021-05-15 08:12:09.912602,0:33:29.302326,279.06976744186045,"PL CC 8405/S21 940X640X9,7 NE",12.0,462,2021-05-13 18:14:01.760189,279.06976744186045
268,19,CNMLAMLX,1600068062,2021-05-15 08:56:13.731451,0:33:29.302326,279.06976744186045,"PL CC 8405/S21 940X640X9,7 NE",12.0,463,2021-05-13 18:14:01.760189,279.06976744186045
269,19,CNMLAMLX,1600068062,2021-05-14 19:14:30.181880,0:05:34.883721,46.51162790697674,"PL CC 8405/S21 940X640X9,7 NE",2.0,464,2021-05-12 11:01:46.865442,46.51162790697674
270,19,CNMLAMLX,1600068068,2021-05-15 09:50:17.550301,0:22:15.600000,167.0,"PL CC 8702/S21 950X650X6,0 NE",6.0,465,2021-05-13 23:48:37.760189,167.0
271,19,CNMLAMLX,1600056542,2021-05-15 10:19:34.918722,0:28:04.323780,233.93385826771654,"PL CC 8745/S21 800X600X9,7 NE",12.0,466,2021-05-12 11:01:46.865442,233.93385826771654
272,19,CNMLAMLX,1600056542,2021-05-15 10:56:31.134221,0:28:04.323780,233.93385826771654,"PL CC 8745/S21 800X600X9,7 NE",12.0,467,2021-05-12 11:01:46.865442,233.93385826771654
273,19,CNMLAMLX,1600056542,2021-05-15 12:03:27.349721,0:28:04.323780,233.93385826771654,"PL CC 8745/S21 800X600X9,7 NE",12.0,468,2021-05-12 11:01:46.865442,233.93385826771654
274,19,CNMLAMLX,1600056542,2021-05-15 12:40:23.565220,0:28:04.323780,233.93385826771654,"PL CC 8745/S21 800X600X9,7 NE",12.0,469,2021-05-12 11:01:46.865442,233.93385826771654
275,19,CNMLAMLX,1600056542,2021-05-15 13:17:19.780719,0:28:04.323780,233.93385826771654,"PL CC 8745/S21 800X600X9,7 NE",12.0,470,2021-05-12 11:01:46.865442,233.93385826771654
276,19,CNMLAMLX,1600056542,2021-05-15 14:34:15.996219,0:28:04.323780,233.93385826771654,"PL CC 8745/S21 800X600X9,7 NE",12.0,471,2021-05-12 11:01:46.865442,233.93385826771654
277,19,CNMLAMLX,1600056542,2021-05-15 15:11:12.211718,0:28:04.323780,233.93385826771654,"PL CC 8745/S21 800X600X9,7 NE",12.0,472,2021-05-12 11:01:46.865442,233.93385826771654
278,19,CNMLAMLX,1600056542,2021-05-15 15:48:08.427218,0:28:04.323780,233.93385826771654,"PL CC 8745/S21 800X600X9,7 NE",12.0,473,2021-05-12 11:01:46.865442,233.93385826771654
279,19,CNMLAMLX,1600056542,2021-05-15 16:25:04.642717,0:28:04.323780,233.93385826771654,"PL CC 8745/S21 800X600X9,7 NE",12.0,474,2021-05-12 11:01:46.865442,233.93385826771654
280,19,CNMLAMLX,1600056542,2021-05-15 17:12:00.858216,0:28:04.323780,233.93385826771654,"PL CC 8745/S21 800X600X9,7 NE",12.0,475,2021-05-12 11:01:46.865442,233.93385826771654
281,19,CNMLAMLX,1600056542,2021-05-15 17:48:57.073716,0:28:04.323780,233.93385826771654,"PL CC 8745/S21 800X600X9,7 NE",12.0,476,2021-05-12 11:01:46.865442,233.93385826771654
282,19,CNMLAMLX,1600056542,2021-05-15 18:25:53.289215,0:28:04.323780,233.93385826771654,"PL CC 8745/S21 800X600X9,7 NE",12.0,477,2021-05-12 11:01:46.865442,233.93385826771654
283,19,CNMLAMLX,1600056542,2021-05-15 19:02:49.504714,0:28:04.323780,233.93385826771654,"PL CC 8745/S21 800X600X9,7 NE",12.0,478,2021-05-12 11:01:46.865442,233.93385826771654
284,19,CNMLAMLX,1600056542,2021-05-15 20:09:45.720214,0:28:04.323780,233.93385826771654,"PL CC 8745/S21 800X600X9,7 NE",12.0,479,2021-05-12 11:01:46.865442,233.93385826771654
285,19,CNMLAMLX,1600056542,2021-05-15 20:46:41.935713,0:28:04.323780,233.93385826771654,"PL CC 8745/S21 800X600X9,7 NE",12.0,480,2021-05-12 11:01:46.865442,233.93385826771654
286,19,CNMLAMLX,1600056542,2021-05-15 21:23:38.151213,0:28:04.323780,233.93385826771654,"PL CC 8745/S21 800X600X9,7 NE",12.0,481,2021-05-12 11:01:46.865442,233.93385826771654
287,19,CNMLAMLX,1600056542,2021-05-16 06:40:34.366712,0:28:04.323780,233.93385826771654,"PL CC 8745/S21 800X600X9,7 NE",12.0,482,2021-05-12 11:01:46.865442,233.93385826771654
288,19,CNMLAMLX,1600056542,2021-05-16 07:17:30.582211,0:28:04.323780,233.93385826771654,"PL CC 8745/S21 800X600X9,7 NE",12.0,483,2021-05-12 11:01:46.865442,233.93385826771654
289,19,CNMLAMLX,1600056542,2021-05-16 07:54:26.797711,0:28:04.323780,233.93385826771654,"PL CC 8745/S21 800X600X9,7 NE",12.0,484,2021-05-12 11:01:46.865442,233.93385826771654
290,19,CNMLAMLX,1600056542,2021-05-16 08:31:23.013210,0:28:04.323780,233.93385826771654,"PL CC 8745/S21 800X600X9,7 NE",12.0,485,2021-05-12 11:01:46.865442,233.93385826771654
291,19,CNMLAMLX,1600056542,2021-05-16 09:18:19.228709,0:28:04.323780,233.93385826771654,"PL CC 8745/S21 800X600X9,7 NE",12.0,486,2021-05-12 11:01:46.865442,233.93385826771654
292,19,CNMLAMLX,1600056542,2021-05-16 09:55:15.444209,0:28:04.323780,233.93385826771654,"PL CC 8745/S21 800X600X9,7 NE",12.0,487,2021-05-12 11:01:46.865442,233.93385826771654
293,19,CNMLAMLX,1600056542,2021-05-16 10:32:11.659708,0:28:04.323780,233.93385826771654,"PL CC 8745/S21 800X600X9,7 NE",12.0,488,2021-05-12 11:01:46.865442,233.93385826771654
294,19,CNMLAMLX,1600056542,2021-05-16 11:09:07.875208,0:28:04.323780,233.93385826771654,"PL CC 8745/S21 800X600X9,7 NE",12.0,489,2021-05-12 11:01:46.865442,233.93385826771654
295,19,CNMLAMLX,1600056542,2021-05-16 12:16:04.090707,0:28:04.323780,233.93385826771654,"PL CC 8745/S21 800X600X9,7 NE",12.0,490,2021-05-12 11:01:46.865442,233.93385826771654
296,19,CNMLAMLX,1600056542,2021-05-16 12:53:00.306206,0:28:04.323780,233.93385826771654,"PL CC 8745/S21 800X600X9,7 NE",12.0,491,2021-05-12 11:01:46.865442,233.93385826771654
297,19,CNMLAMLX,1600056542,2021-05-16 13:29:56.521706,0:28:04.323780,233.93385826771654,"PL CC 8745/S21 800X600X9,7 NE",12.0,492,2021-05-12 11:01:46.865442,233.93385826771654
298,19,CNMLAMLX,1600056542,2021-05-16 14:46:52.737205,0:28:04.323780,233.93385826771654,"PL CC 8745/S21 800X600X9,7 NE",12.0,493,2021-05-12 11:01:46.865442,233.93385826771654
299,19,CNMLAMLX,1600056542,2021-05-16 15:23:48.952704,0:28:04.323780,233.93385826771654,"PL CC 8745/S21 800X600X9,7 NE",12.0,494,2021-05-12 11:01:46.865442,233.93385826771654
300,19,CNMLAMLX,1600056542,2021-05-16 16:00:45.168204,0:28:04.323780,233.93385826771654,"PL CC 8745/S21 800X600X9,7 NE",12.0,495,2021-05-12 11:01:46.865442,233.93385826771654
301,19,CNMLAMLX,1600056542,2021-05-16 16:37:41.383703,0:28:04.323780,233.93385826771654,"PL CC 8745/S21 800X600X9,7 NE",12.0,496,2021-05-12 11:01:46.865442,233.93385826771654
302,19,CNMLAMLX,1600056542,2021-05-16 17:24:37.599203,0:28:04.323780,233.93385826771654,"PL CC 8745/S21 800X600X9,7 NE",12.0,497,2021-05-12 11:01:46.865442,233.93385826771654
303,19,CNMLAMLX,1600056542,2021-05-16 18:01:33.814702,0:28:04.323780,233.93385826771654,"PL CC 8745/S21 800X600X9,7 NE",12.0,498,2021-05-12 11:01:46.865442,233.93385826771654
304,19,CNMLAMLX,1600056542,2021-05-16 18:38:30.030201,0:28:04.323780,233.93385826771654,"PL CC 8745/S21 800X600X9,7 NE",12.0,499,2021-05-12 11:01:46.865442,233.93385826771654
305,19,CNMLAMLX,1600056542,2021-05-16 19:15:26.245701,0:28:04.323780,233.93385826771654,"PL CC 8745/S21 800X600X9,7 NE",12.0,500,2021-05-12 11:01:46.865442,233.93385826771654
306,19,CNMLAMLX,1600056542,2021-05-16 20:22:22.461200,0:28:04.323780,233.93385826771654,"PL CC 8745/S21 800X600X9,7 NE",12.0,501,2021-05-12 11:01:46.865442,233.93385826771654
307,19,CNMLAMLX,1600056542,2021-05-16 20:59:18.676700,0:28:04.323780,233.93385826771654,"PL CC 8745/S21 800X600X9,7 NE",12.0,502,2021-05-12 11:01:46.865442,233.93385826771654
308,19,CNMLAMLX,1600056542,2021-05-17 06:16:14.892199,0:28:04.323780,233.93385826771654,"PL CC 8745/S21 800X600X9,7 NE",12.0,503,2021-05-12 11:01:46.865442,233.93385826771654
309,19,CNMLAMLX,1600072141,2021-05-17 06:53:11.107698,0:06:39.600000,50.0,"PL CI 5084/S11 950X650X4,0 NE",2.0,524,2021-05-12 11:01:46.865442,50.0
310,19,CNMLAMLXOUT,1600069850,2021-05-14 23:05:32.318305,0:07:12,12.0,"PL CC 8123/S21 940X640X53,0 00",12.0,525,2021-05-14 22:59:13.370937,12.0
311,19,CNMLAMLXOUT,1600069850,2021-05-14 22:59:13.370937,0:04:48,8.0,"PL CC 8123/S21 940X640X53,0 00",8.0,526,2021-05-14 22:59:13.370937,8.0
312,19,CNMLAMLXOUT,1600066480,2021-05-15 22:13:39.071154,0:07:12,12.0,PL CC 8405/S21 940X640X100 NE,12.0,527,2021-05-15 20:26:03.217090,12.0
313,19,CNMLAMLXOUT,1600066480,2021-05-15 22:23:07.492207,0:07:12,12.0,PL CC 8405/S21 940X640X100 NE,12.0,528,2021-05-15 20:26:03.217090,12.0
314,19,CNMLAMLXOUT,1600066480,2021-05-15 22:32:35.913259,0:07:12,12.0,PL CC 8405/S21 940X640X100 NE,12.0,529,2021-05-15 20:26:03.217090,12.0
315,19,CNMLAMLXOUT,1600066480,2021-05-15 22:42:04.334312,0:07:12,12.0,PL CC 8405/S21 940X640X100 NE,12.0,530,2021-05-15 20:26:03.217090,12.0
316,19,CNMLAMLXOUT,1600066480,2021-05-15 22:51:32.755365,0:07:12,12.0,PL CC 8405/S21 940X640X100 NE,12.0,531,2021-05-15 20:26:03.217090,12.0
317,19,CNMLAMLXOUT,1600066480,2021-05-15 23:01:01.176417,0:07:12,12.0,PL CC 8405/S21 940X640X100 NE,12.0,532,2021-05-15 20:26:03.217090,12.0
318,19,CNMLAMLXOUT,1600066480,2021-05-15 23:10:29.597470,0:07:12,12.0,PL CC 8405/S21 940X640X100 NE,12.0,533,2021-05-15 20:26:03.217090,12.0
319,19,CNMLAMLXOUT,1600066480,2021-05-15 23:19:58.018523,0:07:12,12.0,PL CC 8405/S21 940X640X100 NE,12.0,534,2021-05-15 20:26:03.217090,12.0
320,19,CNMLAMLXOUT,1600066480,2021-05-15 23:29:26.439575,0:07:12,12.0,PL CC 8405/S21 940X640X100 NE,12.0,535,2021-05-15 20:26:03.217090,12.0
321,19,CNMLAMLXOUT,1600066480,2021-05-15 23:38:54.860628,0:07:12,12.0,PL CC 8405/S21 940X640X100 NE,12.0,536,2021-05-15 20:26:03.217090,12.0
322,19,CNMLAMLXOUT,1600066480,2021-05-15 23:48:23.281681,0:07:12,12.0,PL CC 8405/S21 940X640X100 NE,12.0,537,2021-05-15 20:26:03.217090,12.0
323,19,CNMLAMLXOUT,1600066480,2021-05-15 23:57:51.702733,0:07:12,12.0,PL CC 8405/S21 940X640X100 NE,12.0,538,2021-05-15 20:26:03.217090,12.0
324,19,CNMLAMLXOUT,1600066480,2021-05-16 00:07:20.123786,0:07:12,12.0,PL CC 8405/S21 940X640X100 NE,12.0,539,2021-05-15 20:26:03.217090,12.0
325,19,CNMLAMLXOUT,1600066480,2021-05-16 00:16:48.544838,0:07:12,12.0,PL CC 8405/S21 940X640X100 NE,12.0,540,2021-05-15 20:26:03.217090,12.0
326,19,CNMLAMLXOUT,1600066480,2021-05-16 00:26:16.965891,0:07:12,12.0,PL CC 8405/S21 940X640X100 NE,12.0,541,2021-05-15 20:26:03.217090,12.0
327,19,CNMLAMLXOUT,1600066480,2021-05-16 00:35:45.386944,0:07:12,12.0,PL CC 8405/S21 940X640X100 NE,12.0,542,2021-05-15 20:26:03.217090,12.0
328,19,CNMLAMLXOUT,1600066480,2021-05-16 00:45:13.807996,0:07:12,12.0,PL CC 8405/S21 940X640X100 NE,12.0,543,2021-05-15 20:26:03.217090,12.0
329,19,CNMLAMLXOUT,1600066480,2021-05-16 00:54:42.229049,0:07:12,12.0,PL CC 8405/S21 940X640X100 NE,12.0,544,2021-05-15 20:26:03.217090,12.0
330,19,CNMLAMLXOUT,1600066480,2021-05-16 01:14:10.650102,0:07:12,12.0,PL CC 8405/S21 940X640X100 NE,12.0,545,2021-05-15 20:26:03.217090,12.0
331,19,CNMLAMLXOUT,1600066480,2021-05-16 01:23:39.071154,0:07:12,12.0,PL CC 8405/S21 940X640X100 NE,12.0,546,2021-05-15 20:26:03.217090,12.0
332,19,CNMLAMLXOUT,1600066480,2021-05-16 01:33:07.492207,0:07:12,12.0,PL CC 8405/S21 940X640X100 NE,12.0,547,2021-05-15 20:26:03.217090,12.0
333,19,CNMLAMLXOUT,1600066480,2021-05-16 01:42:35.913259,0:07:12,12.0,PL CC 8405/S21 940X640X100 NE,12.0,548,2021-05-15 20:26:03.217090,12.0
334,19,CNMLAMLXOUT,1600066480,2021-05-15 20:26:03.217090,0:02:24,4.0,PL CC 8405/S21 940X640X100 NE,4.0,549,2021-05-15 20:26:03.217090,4.0
335,17,CNMSERPL,1600023186,2021-05-12 20:35:50.294013,12:43:37.200000,700.0,"PL CC 8872/000 940X640X77,0 NE",241.0,567,2021-05-12 20:35:50.294013,700.0
336,19,CNMSERPL,1600069851,2021-05-14 22:28:29.063244,0:19:58.800000,20.0,"PL CC 8123/000 950X650X55,0 NE",7.0,571,2021-05-13 01:18:44.435184,20.0
337,19,CNMSERPL,1600061277,2021-05-14 22:59:13.370937,5:49:04.800000,320.0,"PL CC 8403/000 950X650X77,0 NE",162.0,572,2021-05-13 15:55:28.792326,320.0
338,19,CNMSERPL,1600066481,2021-05-15 09:26:16.140167,5:57:21.600000,268.0,PL CC 8405/000 950X650X102 NE,136.0,574,2021-05-13 23:37:29.188760,268.0
339,19,CNMSERPL,1600056798,2021-05-13 20:10:38.294013,1:19:58.800000,80.0,PL CC 8872/000 940X640X195 NE,80.0,576,2021-05-12 20:35:50.294013,80.0
340,19,CNMSERPL,1600023190,2021-05-13 22:53:41.063244,12:43:37.200000,700.0,"PL CC 8872/000 940X640X77,0 NE",241.0,577,2021-05-12 20:35:50.294013,700.0
341,18,CNMRETBL,1600071437,2021-05-12 20:35:50.294013,0:31:19.200000,24.0,BL CC 8002/ORT 1000X500X210 NE,24.0,578,2021-05-12 11:01:46.865442,24.0
342,19,CNMRETBL,1600072155,2021-05-12 21:20:34.865442,0:19:33.980769,10.0,BL CC 8002/ORT 915X610X250 NE,10.0,581,2021-05-12 11:01:46.865442,15.0
343,19,CNMRETBL,1600072157,2021-05-12 22:19:12.942365,2:10:26.400000,24.0,BL CC 8004/ORT  810X610X250 NE,24.0,584,2021-05-12 11:01:46.865442,50.0
344,19,CNMRETBL,1600072171,2021-05-12 23:48:39.616651,0:48:14.400000,36.0,BL CC 8004/ORT 940X640X250 NE,36.0,589,2021-05-12 11:01:46.865442,37.0
345,19,CNMRETBL,1600072160,2021-05-13 00:55:42.720898,0:09:07.200000,7.0,BL CC 8123/ORT 950X650X200 NE,7.0,594,2021-05-12 11:01:46.865442,7.0
346,19,CNMRETBL,1600072163,2021-05-13 01:18:44.435184,4:57:23.850000,228.0,BL CC 8403/ORT 915X610X200 NE,228.0,598,2021-05-12 11:01:46.865442,228.0
347,19,CNMRETBL,1600072156,2021-05-13 09:43:35.649469,3:31:19.200000,162.0,BL CC 8403/ORT 950X650X210 NE,162.0,600,2021-05-12 11:01:46.865442,162.0
348,17,CNMRETBL,1600068479,2021-05-13 15:55:28.792326,0:41:43.969811,32.0,BL CC 8405/ORT 1000X500X210 NE,32.0,603,2021-05-12 11:01:46.865442,32.0
349,17,CNMRETBL,1600068379,2021-05-13 16:55:05.892057,0:48:15.107692,37.0,BL CC 8405/ORT 940X640X250 NE,37.0,605,2021-05-12 11:01:46.865442,37.0
350,19,CNMRETBL,1600072172,2021-05-13 18:14:01.760189,2:57:25.200000,136.0,BL CC 8405/ORT 950X650X210 NE,136.0,608,2021-05-12 11:01:46.865442,136.0
351,17,CNMRETBL,1600068461,2021-05-13 23:37:29.188760,0:07:48,6.0,BL CC 8702/ORT 950X650X200 NE,6.0,611,2021-05-12 11:01:46.865442,6.0
352,17,CNMRETBL,1600068471,2021-05-12 11:16:46.868000,5:14:20.400000,241.0,BL CC 8872/ORT 940X640X250 NE,241.0,616,2021-05-12 11:01:46.868000,241.0
353,19,CNMRETBL,1600072154,2021-05-13 23:48:37.762747,14:09:07.200000,644.0,BL CI 5608/ORT 915X610X250 NE,644.0,622,2021-05-12 11:01:46.868000,651.0
